{
    "model": "yolo_tiny",
    "confidence_threshold": 0.3,
    "iou_threshold": 0.45,
    "total_images": 3456,
    "total_tp": 18029,
    "total_fp": 3719,
    "total_fn": 2263,
    "global_tpr": 0.8884782180169525,
    "global_fdr": 0.17100423027404818,
    "avg_tpr": 0.8632287626211287,
    "avg_fdr": 0.1951992323520086
}